total_agents,survivors,dead,stranded,turns,avg_evacuation_turn,blocked_moves,idle_turns
10,10,0,0,23,14.4,0,0
10,10,0,0,23,15.3,0,0
10,9,1,0,27,13.11111111111111,0,16
10,10,0,0,23,13.5,0,0
10,10,0,0,22,10.8,0,0
10,9,1,0,25,13.777777777777779,0,18
10,10,0,0,28,18.4,0,30
10,10,0,0,21,14.9,0,0
10,10,0,0,27,17.9,0,28
10,10,0,0,23,13.9,0,0
10,10,0,0,23,13.8,0,0
10,10,0,0,24,12.8,0,0
10,10,0,0,21,12.1,0,0
10,10,0,0,24,16.6,0,0
10,10,0,0,18,12.3,0,0
10,9,1,0,26,17.444444444444443,0,20
10,10,0,0,19,11.6,0,0
10,9,1,0,24,16.88888888888889,0,25
10,10,0,0,28,17.2,0,25
10,9,1,0,22,14.11111111111111,0,0
10,10,0,0,16,11.1,0,0
10,10,0,0,23,14.1,0,0
10,10,0,0,19,12.2,0,0
10,10,0,0,20,15.2,0,0
10,10,0,0,24,13.3,0,20
10,10,0,0,20,11.8,0,0
10,10,0,0,21,13.8,0,0
10,10,0,0,22,14.1,0,0
10,10,0,0,23,13.4,0,0
10,10,0,0,24,12.6,0,0
10,10,0,0,20,12.5,0,0
10,10,0,0,24,13.7,0,0
10,10,0,0,22,15.1,0,0
10,10,0,0,23,14.0,0,0
10,10,0,0,24,17.5,0,0
10,10,0,0,21,12.3,0,0
10,10,0,0,26,16.5,1,25
10,10,0,0,22,15.1,0,0
10,10,0,0,22,13.8,0,0
10,10,0,0,20,13.0,0,0
10,10,0,0,23,15.1,0,15
10,10,0,0,16,11.8,0,0
10,10,0,0,25,17.1,1,30
10,10,0,0,22,15.2,0,0
10,9,1,0,20,11.333333333333334,0,0
10,10,0,0,23,12.5,0,0
10,9,1,0,22,12.777777777777779,0,0
10,10,0,0,22,12.8,0,0
10,10,0,0,21,13.7,0,0
10,10,0,0,22,13.5,0,0
10,10,0,0,22,14.2,0,0
10,10,0,0,23,10.2,0,0
10,10,0,0,22,13.9,0,0
10,9,1,0,23,14.666666666666666,0,0
10,10,0,0,24,16.2,0,0
10,10,0,0,23,12.0,0,0
10,9,1,0,24,15.444444444444445,0,0
10,10,0,0,22,15.5,0,0
10,10,0,0,23,14.9,0,0
10,10,0,0,23,14.5,0,0
10,10,0,0,19,11.8,0,0
10,10,0,0,24,15.6,0,0
10,10,0,0,23,14.3,0,0
10,10,0,0,23,13.1,0,0
10,10,0,0,26,15.3,0,25
10,10,0,0,23,17.1,0,0
10,10,0,0,22,14.3,0,0
10,10,0,0,23,13.7,0,0
10,10,0,0,21,13.0,0,0
10,10,0,0,22,12.6,0,0
10,10,0,0,19,13.3,0,0
10,9,1,0,27,16.333333333333332,0,28
10,10,0,0,20,11.6,0,0
10,10,0,0,23,12.1,0,0
10,10,0,0,22,12.7,0,0
10,10,0,0,22,12.8,0,0
10,10,0,0,20,13.8,0,0
10,10,0,0,21,11.4,0,0
10,10,0,0,23,13.0,0,0
10,10,0,0,24,15.3,0,0
10,10,0,0,24,12.9,0,0
10,10,0,0,21,12.1,0,0
10,9,1,0,33,14.88888888888889,0,22
10,10,0,0,22,14.7,0,0
10,9,1,0,23,16.666666666666668,0,0
10,9,1,0,20,10.777777777777779,0,0
10,10,0,0,24,16.1,0,0
10,10,0,0,21,12.8,0,0
10,10,0,0,19,9.6,0,0
10,10,0,0,22,14.9,0,0
10,10,0,0,23,13.4,0,0
10,10,0,0,15,8.7,0,0
10,9,1,0,23,10.666666666666666,0,0
10,10,0,0,24,15.3,0,0
10,10,0,0,22,15.0,0,0
10,10,0,0,22,14.3,0,0
10,10,0,0,20,11.0,0,0
10,9,1,0,36,13.88888888888889,0,25
10,10,0,0,23,16.9,0,0
10,10,0,0,19,11.9,0,0
10,9,1,0,33,13.222222222222221,0,22
10,10,0,0,23,15.3,0,0
10,10,0,0,21,12.1,0,0
10,10,0,0,23,11.8,0,0
10,10,0,0,28,14.8,0,20
10,10,0,0,23,13.3,0,0
10,10,0,0,24,15.0,0,0
10,10,0,0,23,14.3,0,0
10,10,0,0,23,15.3,0,0
10,10,0,0,28,19.9,0,25
10,10,0,0,26,14.3,0,20
10,10,0,0,22,13.1,0,0
10,10,0,0,20,12.9,0,0
10,10,0,0,23,14.2,0,0
10,9,1,0,23,14.666666666666666,0,0
10,10,0,0,24,14.5,0,0
10,10,0,0,18,10.4,0,0
10,10,0,0,23,9.9,0,5
10,10,0,0,22,14.9,0,0
10,10,0,0,21,12.4,0,0
10,10,0,0,22,13.3,0,0
10,9,1,0,20,11.222222222222221,0,0
10,10,0,0,24,17.0,0,0
10,10,0,0,23,12.5,0,0
10,10,0,0,23,14.2,0,0
10,10,0,0,20,13.4,0,0
10,10,0,0,23,14.0,0,0
10,10,0,0,23,12.5,0,0
10,10,0,0,22,12.2,0,0
10,9,1,0,20,13.222222222222221,0,0
10,9,1,0,20,14.444444444444445,0,0
10,10,0,0,22,13.0,0,0
10,10,0,0,28,15.8,0,25
10,9,1,0,22,12.777777777777779,0,0
10,9,1,0,23,14.11111111111111,0,0
10,10,0,0,23,16.2,0,0
10,10,0,0,23,19.1,0,0
10,10,0,0,28,11.9,0,10
10,9,1,0,26,16.333333333333332,0,15
10,10,0,0,23,12.3,0,0
10,10,0,0,22,14.9,0,0
10,9,1,0,14,7.777777777777778,0,0
10,10,0,0,23,14.6,0,0
10,10,0,0,22,14.2,0,0
10,10,0,0,27,13.0,0,15
10,9,1,0,22,13.444444444444445,0,0
10,10,0,0,23,15.1,0,0
10,10,0,0,19,11.8,0,0
10,10,0,0,23,13.2,0,0
10,10,0,0,21,11.9,0,0
10,10,0,0,21,12.5,0,0
10,10,0,0,23,13.8,0,0
10,10,0,0,26,14.4,0,25
10,10,0,0,23,16.3,0,0
10,10,0,0,23,16.1,0,0
10,10,0,0,23,14.5,0,0
10,10,0,0,23,15.5,0,0
10,10,0,0,23,14.5,0,0
10,10,0,0,22,14.1,0,0
10,9,1,0,23,13.11111111111111,0,0
10,9,1,0,22,13.0,0,0
10,9,1,0,23,13.0,0,0
10,10,0,0,22,15.8,0,0
10,9,1,0,30,14.666666666666666,0,19
10,10,0,0,23,12.0,0,0
10,10,0,0,22,14.9,0,0
10,10,0,0,23,14.4,0,0
10,9,1,0,27,18.333333333333332,0,27
10,9,1,0,22,16.444444444444443,0,0
10,9,1,0,22,11.555555555555555,0,0
10,10,0,0,28,16.4,0,30
10,10,0,0,24,11.8,0,0
10,10,0,0,23,15.0,0,0
10,10,0,0,23,13.5,0,0
10,10,0,0,22,14.9,0,0
10,10,0,0,23,16.8,0,0
10,10,0,0,23,13.8,0,0
10,10,0,0,22,15.2,0,0
10,10,0,0,24,11.0,0,0
10,9,1,0,22,16.88888888888889,0,0
10,10,0,0,26,17.3,0,25
10,10,0,0,24,14.9,0,0
10,9,1,0,21,14.88888888888889,0,20
10,9,1,0,23,15.222222222222221,0,0
10,10,0,0,23,15.3,0,25
10,10,0,0,23,12.4,0,0
10,10,0,0,23,11.4,0,0
10,10,0,0,28,14.3,0,20
10,10,0,0,23,13.7,0,0
10,10,0,0,24,11.4,0,0
10,10,0,0,23,13.3,0,0
10,9,1,0,36,13.11111111111111,0,25
10,10,0,0,20,14.9,0,0
10,10,0,0,24,14.4,0,0
10,10,0,0,22,14.4,0,0
10,10,0,0,24,15.0,0,0
10,10,0,0,23,16.3,0,0
10,9,1,0,21,11.777777777777779,0,11
10,10,0,0,23,16.5,0,0
10,10,0,0,23,12.2,0,0
